,title,Company,Day
0,Python Engineer,"Cambridge, MA",25d ago
1,Senior Level Full Stack Developer (C#/.Net/Sql) - Remote,"Louisville, KY",29d ago
2,FULLTIME 6 Figure Salary - Laravel/SQL Ninjas,No office location,2d ago
3,"Software Engineer (.NET, C#, SQL, CI/CD, RabbitMQ)","East Moline, IL",15d ago
4,Senior SQL DBA,"Umhlanga, South Africa",10d ago
5,"Softwareentwickler Datenmanagement, SQL-Datenbanken (w/m/d)","Bruchsal, Deutschland",4d ago
6,Mid Level Full Stack Developer (C#/.Net/Sql) - Remote,"Louisville, KY",29d ago
7,"Oracle Developer (m/w) (SQL, PL/SQL, Linux, Unix)","Wien, Austria",4d ago
8,"Data Engineer (Python, SQL)","Chicago, IL",21d ago
9,SQL Database Developer (C# / .NET),"Tempe, AZ",15d ago
10,"Full-Stack Developer / .netcore, c#, cloud, git, docker, blazor, sql / (f/m/d)","Zweibrücken, Deutschland",6d ago
11,"Data Engineer (m/f) (SQL, Python, R, Java)","Wien, Austria",4d ago
12,(Wirtschafts-)Informatiker als ETL-Entwickler / SQL-Datenbanken / Java (m/w/d),"Karlsruhe, Deutschland",5d ago
13,SENIOR FRONTEND DEVELOPER (F/M/X),No office location,10h ago
14,"Full Stack Developer (TypeScript, React)","Wiener Neustadt, Austria",18d ago
15,Mid-Level UI/UX Developer,No office location,24d ago
16,Backend Engineer,"Cambridge, MA",25d ago
17,C++ Engineer,"Cambridge, MA",25d ago
18,Mid-Level iOS Developer,No office location,7d ago
19,Fullstack Python Developer,"Hasselt, Belgium",17d ago
20,UI Architect,"Northbrook, IL",23d ago
21,Azure Machine Learning Engineer | Location Intelligence Application Remote,"Tampa, FL",3d ago
22,Senior Full Stack .NET Web Developer | Location Intelligence Application Remote,"Tampa, FL",3d ago
23,Senior Java Engineer (Madrid or Central Spain),"Madrid, Spain",2d ago
24,Senior QA Automation Engineer,"Tampa, FL",9d ago
25,Senior Software Engineer - Secrets Management,"Cupertino, CA",2d ago
26,Senior Ruby on Rails Developer,"Toronto, ON, Canada",2d ago
27,Senior PhD Data Scientist | Location Intelligence Application Remote,"Tampa, FL",3d ago
28,"Senior Web Engineer | TypeScript, React.js, Redux, Next.js, Tailwind CSS","Amsterdam, Netherlands",7d ago
29,"Senior Full-Stack Developer | Scala, ZIO, TypeScript, React","Amsterdam, Netherlands",12d ago
30,"Software developer, full stack - Stockholm","Stockholm, Sweden",27d ago
31,"Software developer, full stack - Helsinki","Helsinki, Finland",18d ago
32,Embedded C/C++ Developer in Lyngby,"Kongens Lyngby, Denmark",17d ago
33,Join our Software Test Team and work with award winning products,"Kongens Lyngby, Denmark",17d ago
34,Linux/C++ Embedded Developer,"Struer, Denmark",17d ago
35,Embedded C/C++ Developer in Struer,"Struer, Denmark",11d ago
36,Linux/C++ Embedded Developer,"Kongens Lyngby, Denmark",17d ago
37,Senior Backend Engineer - Python - México,No office location,22d ago
38,Software Engineer,"Los Angeles, CA",13d ago
39,Senior Software QA Engineer Apple Media Products.,"New York, NY",16h ago
40,Senior Software QA Engineer Apple Media Products.,"Seattle, WA",16h ago
41,Data Scientist - Payments and Apple Pay Asia,"Shanghai, China",16h ago
42,Software Data Engineer - App Store,"Seattle, WA",2d ago
43,Senior GIS Engineer - Maps,"Hyderabad, India",16h ago
44,Software Developer-Rates,"Hong Kong Island, Hong Kong",7d ago
45,Senior Software Engineers,"New York, NY",10d ago
46,Senior Data Engineer,"London, UK",16d ago
47,Senior Software QA Engineer. Apple Media Products.,"Seattle, WA",16h ago
48,"Market Insights Analyst, Apple Music - Thailand",Singapore,2d ago
49,Software Engineer,"Sydney, Australia",13d ago
50,"Market Insights Analyst, Apple Music - Thailand",Singapore,2d ago
51,Software Engineer I,"Decatur, TX",21d ago
52,Senior Full-Stack Developer - work Remotely for an Inc. 5000 Company!,No office location,8d ago
53,"Market Insights Analyst, Apple Music - Taiwan",Singapore,2d ago
54,Platform Engineering Lead - San Diego,"San Diego, CA",16h ago
55,Software Developer - Accounting SCS (f/m/d),"Ulm, Germany",22d ago
56,Enthusiastic developers for small informal software company,"Oxford, UK",10d ago
57,"Senior Software Engineer, EC2 Security and Operations tooling","Seattle, WA",23d ago
58,Junior PHP Developer (Remote),"Arlington, VA",16d ago
59,"Software Engineer, Backend – Blockchain Applications",Hong Kong,17d ago
60,"Senior Software Engineer (Ruby, JavaScript, Python) - Polyglot","Miami, FL",17d ago
61,Senior Software Developer Python (m/f/d),"Hamburg, Deutschland",3d ago
62,Backend Developer,"Leeds, UK",20d ago
63,Symfony/PHP Engineer,"London, UK",20d ago
64,Python Software Engineer - International growing scale-up!,"Utrecht, Netherlands",17d ago
65,Software Engineer,"Sydney, Australia",13d ago
66,DevOps Engineer for Awesome SaaS,"Golden, CO",22d ago
67,Software Developer (remote or onsite),"Fort Wayne, IN",18d ago
68,Senior Software Engineer at Root Insurance (Remote Possible),"Columbus, OH",24d ago
69,(Senior) Software Engineer (m/f/d),"Berlin, Germany",17d ago
70,Senior Software Engineer - Maps,"Hyderabad, India",16h ago
71,Javascript Developer (React.js/Node.js),"Lisbon, Portugal",20h ago
72,Senior Fullstack Developer (f/m/d),"Vienna, Austria",15d ago
73,Sr. Full Stack Engineer- Python,"Toronto, ON, Canada",25d ago
74,Full-stack .Net Software Developer,"Paramus, NJ",23d ago
75,Full Stack Developer (FE),"Bengaluru, India",16h ago
76,"Lead Software Engineer, perm employed, UK saas, part remote & flex, c#  JS agile","Uxbridge, UK",14d ago
77,"Senior Software Engineer, Product Infrastructure","London, UK",29d ago
78,Fullstack Developer (f/m/d),"München, Deutschland",18h ago
79,Oracle Fusion Middleware Administrator,"Hyderabad, India",16h ago
80,Senior Software Engineer #FinTech #Berlin,"Berlin, Germany",7d ago
81,Social Media Analyst,"Bengaluru, India",2d ago
82,Python Developer,"Amsterdam, Netherlands",9d ago
83,DevOps Engineer,"Haarlem, Netherlands",15d ago
84,Senior Software Engineer,"Quận 4, Vietnam",25d ago
85,Senior Backend Engineer - Contra - (Node.js/GraphQL/PostgreSQL),No office location,20d ago
86,IoT Software Engineer C# (all genders),"Wien, Austria",30d ago
87,Principal Machine Learning Engineer,"Austin, TX",13d ago
88,"Senior Software Engineer, Backend (Product Team)","San Mateo, CA",3d ago
89,DevOps Research Engineer AI Computing,"Essen, Germany",10d ago
90,Senior Backend Software Engineer,"Frankfurt, Germany",23d ago
91,Senior Software Developer Web (m/w/d) - Meckenheim (Bonn) / remote,"Meckenheim, Deutschland",12d ago
92,Senior Web Developer,"Fort Walton Beach, FL",3d ago
93,Full Stack Software Developer (m/w/d),"München, Deutschland",8d ago
94,Senior Software Engineer Backend (m/f/d),"Berlin, Deutschland",10d ago
95,Senior Back-end Software Engineer,"Stockport, UK",13d ago
96,Java Developer with a big interest in Kotlin – join us to create exciting gaming,"Bromma, Sweden",24d ago
97,Fullstack Software Engineer,"Berlin, Germany",15h ago
98,Back-End Developer (i.e. Python),"Lisbon, Portugal",4d ago
99,Software Engineer I,"Decatur, TX",21d ago
100,"AI/ML - Evaluation Scientist, Siri Data","Cupertino, CA",16h ago
101,Software Engineer - Java Cloud,"Glasgow, UK",23h ago
102,"Full Stack Engineer (React, C# .NET Core, Typescript, SQL Server) - Remote",No office location,9h ago
103,Software Architect C# - Be at the center of the Transportation System Revolution,"Rome, Italy",19d ago
104,Fullstack Software Engineer,"Berlin, Germany",15h ago
105,Principal Software Engineer - Information Retrieval,"Minsk, Belarus",9d ago
106,Mid Level- Senior Software Developer (Java/ JavaScript),"Stourport-on-Severn, UK",6d ago
107,Back-End Developer (i.e. Python),"Lisbon, Portugal",4d ago
108,Junior Go Backend Engineer - Consumer Web,"Berlin, Germany",14d ago
109,Senior Java Web Developer,No office location,12d ago
110,Ruby on Rails Developer,"Lisbon, Portugal",16d ago
111,Senior Go (Golang) Developer (m/f/d),"Frankfurt am Main, Deutschland",26d ago
112,Desenvolvedor(a) Full Stack,"Rio de Janeiro, Brazil",9d ago
113,Backend Developer,No office location,13d ago
114,Senior Software Developer C++ for Next generation Access Control Solution,"Madrid, Spain",5d ago
115,Full Stack Software Developer (m/w/d),"München, Deutschland",8d ago
116,Java + Angular full-stack Developer (f/m/d),"Ulm, Germany",11d ago
117,"SR.Net Software Dev  - Remote to US - adding 8 ""Game Changers"" this year!",No office location,29d ago
118,Back End Engineer Go/Java (f/m/d),"Zug, Switzerland",3d ago
119,Postgres/MySQL/MongoDB Database Administrator,"Deerfield, IL",6d ago
120,Softwareentwickler (m/w/d) Web Frontend - Remote oder vor Ort,"Frankfurt am Main, Deutschland",4d ago
121,Mid-Level Backend Software Engineer,"Los Angeles, CA",4d ago
122,Senior PHP Software Developer,"Sofia, Bulgaria",17d ago
123,(Senior) Backend Engineer - JavaSE / JavaEE / Kotlin (m/f/d),"Hamburg, Germany",8d ago
124,Python Software Engineer (Data Pipeline),No office location,3d ago
125,Cloud Database Administrator - ArcGIS Online,"Redlands, CA",21d ago
126,PHP BACKEND DEVELOPER (F/M/D) WITH THE POSSIBILITY TO WORK REMOTE (+- 2H CET),"Berlin, Deutschland",14d ago
127,Multiple Remote (US) Senior Software Engineering Roles,"Annapolis, MD",26d ago
128,Senior Fullstack Developer with strong Front End capabilities,"Torun, Poland",15d ago
129,"Senior Software Engineer, Backend - Fintech",No office location,24d ago
130,Senior Go (Golang) Developer (m/f/d),"Frankfurt am Main, Deutschland",26d ago
131,"Senior-Level Software Engineering Openings (Research Triangle Park, NC)","Durham, NC",24d ago
132,Intermediate Software Developer,No office location,29d ago
133,Software Developer (Python),"Amsterdam, Netherlands",4d ago
134,Backend Developer (m/w/d),"Köln, Deutschland",20d ago
135,DevOps Engineer for Awesome SaaS,"Golden, CO",22d ago
136,Senior Full-Stack Developer (Remote),"Bratislava, Slovakia",8d ago
137,Full-stack / front-end / back-end -kehittäjiä luomaan älykkäitä kaupunkeja,"Espoo, Finland",5d ago
138,Java + Angular full-stack Developer (f/m/d),"Ulm, Germany",11d ago
139,Senior API Developer,No office location,22d ago
140,Software Engineer - Backend Node.js,"Zaragoza, Spain",10d ago
141,Senior Backend Engineer,"Providence, RI",19d ago
142,Platform Software Engineer - Advanced,"Jersey City, NJ",21h ago
143,Postgres/MySQL/MongoDB Database Administrator,"Deerfield, IL",6d ago
144,"Lead Software Engineer, perm employed, UK saas, part remote & flex, c#  JS agile","Uxbridge, UK",14d ago
145,Remote Fullstack Entwicklerin (m/w/d),"Köln, Germany",3d ago
146,Full-Stack Software Developer,"Baltimore, MD",28d ago
147,Javascript Developer (React.js/Node.js),"Lisbon, Portugal",20h ago
148,"Senior Software Engineer, Product Infrastructure","London, UK",29d ago
149,Senior Software Engineer,"New York, NY",12d ago
150,Sr. Software Engineer - Notes,"Cupertino, CA",16h ago
151,Software Architect - SaaS (.NET),"Troy, MI",22d ago
152,Senior Software Developer/Software Developer,"Helsinki, Finland",8d ago
153,Remote Full Stack Software Developer or Junior Developer (Ruby on Rails),No office location,22d ago
154,Ruby on Rails Developer (Remote),"London, UK",22d ago
155,DevOps Engineer - Location Flexible,"Austin, TX",28d ago
156,Senior Backend Engineer (Remote),"Bratislava, Slovakia",8d ago
157,"Software Engineer, Back End","Pittsburgh, PA",23d ago
158,Senior Backend Developer - Netherlands - Freelance,"Eindhoven, Netherlands",9d ago
159,Senior Integrations Engineer - Telemedicine / Telehealth,No office location,3d ago
160,Software Developer - Accounting SCS (f/m/d),"Ulm, Germany",22d ago
161,Apple Pay - Software Development Engineer Test,"London, UK",16h ago
162,Senior Software Engineer,No office location,19d ago
163,Sr. Full Stack Engineer- Python,"Toronto, ON, Canada",25d ago
164,Senior Software Engineer (m/w/d),"Hannover, Deutschland",4d ago
165,Java FullStack SE - Looking to disrupt the Mortgage Industry!,No office location,9d ago
166,Senior Software Engineer,"Boston, MA",6d ago
167,"Senior Software Engineer (Frontend), IDseq, Science","Redwood City, CA",19d ago
168,Full-stack .Net Software Developer,"Paramus, NJ",23d ago
169,Forensic Software Developers,"Linthicum Heights, MD",28d ago
170,Senior Software Developer,"Pontiac, MI",21d ago
171,Ruby on Rails Developer,"Sofia, Bulgaria",11d ago
172,Software Engineer - Biotech startup helping dogs!,"Boston, MA",19d ago
173,Full Stack Web Developer,"New York, NY",28d ago
174,Senior and Mid Java Engineer,"Nottingham, UK",18d ago
175,Software Engineer I - JAVA/Big Data,"Jersey City, NJ",21h ago
176,Senior Software Engineer in Test,No office location,14d ago
177,Senior Java Software Engineering with React or Angular,"Chicago, IL",21h ago
178,Senior Software Engineer (Growth),No office location,3d ago
179,Back-End Developer (Contract),No office location,2d ago
180,Back-end developer,No office location,6d ago
181,Software Engineer- API Team,No office location,15d ago
182,Python Software Engineer (Quant Trading Firm),"Chicago, IL",28d ago
183,Senior Software Engineer,No office location,3d ago
184,Sr. Front End Developer - Angular/React,"Plano, TX",6d ago
185,Full Stack Developer,"Budapest, Hungary",25d ago
186,Senior Java Software Developer,"Brussels Hoofdstedelijk Gewest, Belgium",16d ago
187,Java Software Engineer,"London, UK",21d ago
188,Front-End Developer,"Lisbon, Portugal",2d ago
189,Full Stack Developer (m/f/d),"Berlin, Deutschland",9d ago
190,Senior Data/Backend Engineer - Spotify for Artists (Remote Eligible - Americas),No office location,16d ago
191,Full Stack Developer,"Wollongong, Australia",23d ago
192,Oracle Fusion Middleware Administrator,"Hyderabad, India",16h ago
193,Technical Consultant Digital Analytics (Senior) (m/w/d) - München,"Munich, Germany",21h ago
194,Senior Software Engineer Backend - Kernel team,"Minsk, Belarus",9d ago
195,Java Software Engineer (m/f/d) Standort Berlin,"Berlin, Deutschland",7d ago
196,Instructor (m/f/d) for Web Development (part-time&freelance),No office location,7d ago
197,Java Developer - Must be able to obtain a Public Trust Clearance,"Arlington, VA",10d ago
198,Developer Frontend/ Backend/ Fullstack m/w/d,"Stephanskirchen, Deutschland",8d ago
199,Experienced Java Software Engineer (f/m/d),"Ulm, Germany",27d ago
200,Senior Software Engineer- REMOTE,No office location,16h ago
201,Full Stack Developer,"Wollongong, Australia",23d ago
202,Oracle Fusion Middleware Administrator,"Hyderabad, India",16h ago
203,Technical Consultant Digital Analytics (Senior) (m/w/d) - München,"Munich, Germany",21h ago
204,Java Software Engineer (m/f/d) Standort Berlin,"Berlin, Deutschland",7d ago
205,Instructor (m/f/d) for Web Development (part-time&freelance),No office location,7d ago
206,Java Developer - Must be able to obtain a Public Trust Clearance,"Arlington, VA",10d ago
207,Developer Frontend/ Backend/ Fullstack m/w/d,"Stephanskirchen, Deutschland",8d ago
208,Experienced Java Software Engineer (f/m/d),"Ulm, Germany",27d ago
209,Senior Software Developer,"San Diego, CA",yesterday
210,"Senior Software Engineer, Core Platform","New York, NY",20d ago
211,Remote Full Stack Software Developer or Junior Developer (Ruby on Rails),No office location,22d ago
212,Backend Software Engineer,No office location,16d ago
213,Junior Java fejlesztő,"Budapest, Ungarn",19d ago
214,Senior Software Engineer (C#),"McMinnville, OR",14d ago
215,Software Engineer - Data Visualization,"Chicago, IL",8d ago
216,Senior Node/React Full-Stack Developer,No office location,17d ago
217,"Senior Software Engineer, UI",No office location,12h ago
218,Mid to Senior Microsoft Access (VBA) and C# dev with remote team experience,"Sandy, UT",22d ago
219,Senior JavaScript Engineer (m/f/d),"München, Germany",15d ago
220,"Mid/Senior Level Software Developer - Architecture, Data, & Engineering","Columbus, OH",23h ago
221,"Remote First, Remote Always. Now hiring Sr React/Node Developers. [REPLIES FAST]",No office location,3d ago
222,Node JS Developer,"Phoenix, AZ",27d ago
223,Data Lead for Global Public Health,"Berlin, Germany",13d ago
224,Software Architect - SaaS (.NET),"Troy, MI",22d ago
